{
  "id": "",
  "name": "",
  "font_family": "iconfont",
  "css_prefix_text": "icon-",
  "description": "",
  "glyphs": [
    {
      "icon_id": "1488893",
      "name": "单曲循环",
      "font_class": "danquxunhuan",
      "unicode": "e607",
      "unicode_decimal": 58887
    },
    {
      "icon_id": "4275564",
      "name": "收藏到歌单",
      "font_class": "shoucangdaogedan",
      "unicode": "e608",
      "unicode_decimal": 58888
    },
    {
      "icon_id": "5270852",
      "name": "收 藏-产品详情",
      "font_class": "shoucang",
      "unicode": "e613",
      "unicode_decimal": 58899
    },
    {
      "icon_id": "9712640",
      "name": "下载",
      "font_class": "xiazai",
      "unicode": "e6af",
      "unicode_decimal": 59055
    },
    {
      "icon_id": "12754405",
      "name": "音量",
      "font_class": "yinliang_huaban",
      "unicode": "e642",
      "unicode_decimal": 58946
    },
    {
      "icon_id": "13137519",
      "name": "歌词未点击",
      "font_class": "geciweidianji",
      "unicode": "e727",
      "unicode_decimal": 59175
    }
  ]
}
